{
  "project_info": {
    "project_number": "322905594048",
    "project_id": "flutter-auth-test-d4606",
    "storage_bucket": "flutter-auth-test-d4606.firebasestorage.app"
  },
  "client": [
    {
      "client_info": {
        "mobilesdk_app_id": "1:322905594048:android:a3693d6929b0f18a35f525",
        "android_client_info": {
          "package_name": "com.example.ukkrepal"
        }
      },
      "oauth_client": [],
      "api_key": [
        {
          "current_key": "AIzaSyDIhRpcbbKvaNx6toJcyegELO6N66vytec"
        }
      ],
      "services": {
        "appinvite_service": {
          "other_platform_oauth_client": []
        }
      }
    },
    {
      "client_info": {
        "mobilesdk_app_id": "1:322905594048:android:bdab5c063bf15c2735f525",
        "android_client_info": {
          "package_name": "com.example.ukkreval"
        }
      },
      "oauth_client": [],
      "api_key": [
        {
          "current_key": "AIzaSyDIhRpcbbKvaNx6toJcyegELO6N66vytec"
        }
      ],
      "services": {
        "appinvite_service": {
          "other_platform_oauth_client": []
        }
      }
    }
  ],
  "configuration_version": "1"
}