{
  "flutter": {
    "platforms": {
      "android": {
        "default": {
          "projectId": "flutter-auth-test-d4606",
          "appId": "1:322905594048:android:a3693d6929b0f18a35f525",
          "fileOutput": "android/app/google-services.json"
        }
      },
      "dart": {
        "lib/firebase_options.dart": {
          "projectId": "flutter-auth-test-d4606",
          "configurations": {
            "android": "1:322905594048:android:a3693d6929b0f18a35f525",
            "ios": "1:322905594048:ios:3dd15cdf16f45a3935f525",
            "macos": "1:322905594048:ios:3dd15cdf16f45a3935f525",
            "web": "1:322905594048:web:6716d327b03aae6935f525",
            "windows": "1:322905594048:web:a3db83a4ef8a406035f525"
          }
        }
      }
    }
  },
  "firestore": {
    "database": "(default)",
    "location": "nam5",
    "rules": "firestore.rules",
    "indexes": "firestore.indexes.json"
  }
}
